{?xml version="1.0"?}
{Jelly}
	
	{!-- Action "Propose an Event" --}
		{Action}
			{Name}Propose an Event{/Name}
			
			{Content}
				<div>
					<label style="font-weight:bold;display:block;">What is this event called?</label>
					[Input "Text Field" with Name = "Name"/]
				</div>

				<div>
					<label style="font-weight:bold;display:block;">When would this take place?</label>
					[Input "Date" with Name = "Date"/]
				</div>

				<div>
					<label style="font-weight:bold;display:block;">What else would you like to tell us about this event?</label>
					[Input "Text Area" with Name = "Description"/]
				</div>

				<div>
					[Link to Execute/]
				</div>
				
				<div>
					[Action as "Result"/]
				</div>
			{/Content}

			{Code}
				[New Event]
					[Set Event.Name to Form.Name/]
					[Set Event.Start_Time to Form.Date/]
					[Set Event.Description to Form.Description/]
					[Save Event/]
				[/New Event]
				
				Thank you for letting us know about "[Form.Name/]"<br/>
			{/Code}
			
		{/Action}
	
{/Jelly}