{?xml version="1.0"?}
{Jelly}
	
	{!-- Action "Add Page" --}
	
		{Action}
			{Name}Add Page{/Name}
			{Content}
				<p>
					<i>Demo Action</i>
				</p>
			
				<p>
					New Page Name:
					[Input "Text Field" with Alias = "New Name" /]
				</p>
			
				<p>
					New Page Content:
					[Input "Text Area" with Alias = "New Content" /]
				</p>
			
				[Link to Execute /] [Action as Loading /]
			
				<div class="Result">[Action as Result /]</div>
			{/Content}
			{Code}
				[New Page with Name Form.New_Name, Content Form.New_Content save]
					[! Go to Page /]
				[/New]
			
				New page created.
			{/Code}
			{Package}Local{/Package}
		{/Action}
	
{/Jelly}